﻿Person,Job,Priority,Description,Location,Completed
Bryan Patton,Fields,*REPAIR*,[remake doors],Fields-03,No
Aleena Schindler,Sankaty,,Sankaty Oak Bookshelf Crown,,No
Aleena Schindler,Codfish Park,,1/2” Ply Bed Decks,"Cod-01, Cod-03",No
Aleena Schindler,Polpis,,Assemble add-on hardware kit,,No
Aleena Schindler,Warrens Landing,Low,WL Crown,,No
Aedan Ciganek,,,Needed items,,No
Charles Shane Wetzel,,,[Description],,No
Charles Shane Wetzel,,*REPAIR*,Gardner Bed Mouldings,,No
Bryan Patton,Warrens Landing,,WL-18 [small shelf missing],WL-18,No