﻿Name,Build PDF Folder,Delivery Date,Urgency,Completed
SANKATY,https://drive.google.com/drive/folders/16-L8BJIWDoO1WNIB2W8YcZtJzBwGma9m?usp=share_link,"December 26, 2025",,No
CODFISH PARK,https://drive.google.com/drive/folders/16AXVy2voi7n-EhSTJUUBnakG38GmaVA9?usp=share_link,"January 30, 2026",,No
BOB JOB,,"December 18, 2025",,No
5 FIELDS,https://drive.google.com/drive/folders/1Yky7LLkxl9ozHlUzmsEXcagiCIJi7YpF?usp=share_link,,,No
34 Hummock,https://drive.google.com/drive/folders/1QtFTWdRx0EWcQsUbZkH5iuT8nWvE1Mac?usp=share_link,"January 9, 2026",URGENT,No
[0569] 9 Austin Farm,,"February 3, 2026",,No
[0570] Warrens Landing,,,,No